set search_path to medical_schema;

--medical_card
insert into medical_card (client_status, med_status, registry_dt, comment) values ('P', null, '2022-07-24', 'Amcinonide');
insert into medical_card (client_status, med_status, registry_dt, comment) values ('P', 'W', '2022-06-03', 'AVOBENZONE, HOMOSALATE, OCTISALATE, OCTOCRYLENE, OXYBENZONE');
insert into medical_card (client_status, med_status, registry_dt, comment) values ('F', 'D', '2022-06-06', 'Quinapril');
insert into medical_card (client_status, med_status, registry_dt, comment) values ('P', 'D', '2022-08-24', 'Camphor, Menthol');
insert into medical_card (client_status, med_status, registry_dt, comment) values ('P', 'W', '2022-08-17', 'Oxygen');
insert into medical_card (client_status, med_status, registry_dt, comment) values ('F', 'D', '2022-04-05', 'Levothyroxine Sodium');
insert into medical_card (client_status, med_status, registry_dt, comment) values ('P', 'D', '2022-05-21', 'Octinoxate and Titanium dioxide');
insert into medical_card (client_status, med_status, registry_dt, comment) values ('F', 'D', '2022-02-24', 'Trichloroacetic Acid');
insert into medical_card (client_status, med_status, registry_dt, comment) values ('P', 'D', '2021-12-27', 'Isometheptene Mucate, DICHLORALPHENAZONE, and ACETAMINOPHEN');
insert into medical_card (client_status, med_status, registry_dt, comment) values ('F', null, '2022-06-17', 'Pigweed Rough Redroot');
insert into medical_card (client_status, med_status, registry_dt, comment) values ('P', 'W', '2022-02-08', 'OCTINOXATE');
insert into medical_card (client_status, med_status, registry_dt, comment) values ('F', 'D', '2022-06-06', 'Chlorpheniramine maleate, Phenylephrine HCl');
insert into medical_card (client_status, med_status, registry_dt, comment) values ('P', 'D', '2022-08-22', 'Nicotine polacrilex');
insert into medical_card (client_status, med_status, registry_dt, comment) values ('P', 'D', '2022-02-04', 'Bryonia , Cocculus, Gelsemium, Lobelia inf, Acacia gum, lactose, magnesium stearate, corn starch, sucrose');
insert into medical_card (client_status, med_status, registry_dt, comment) values ('P', 'W', '2022-04-27', 'Carvedilol');
insert into medical_card (client_status, med_status, registry_dt, comment) values ('P', 'D', '2022-09-12', 'Levetiracetam');
insert into medical_card (client_status, med_status, registry_dt, comment) values ('P', 'D', '2022-01-10', 'Oxycodone Hydrochloride');
insert into medical_card (client_status, med_status, registry_dt, comment) values ('F', 'D', '2022-10-01', 'ACTIVATED CHARCOAL - AETHUSA CYNAPIUM - APOMORPHINE HYDROCHLORIDE - BRYONIA ALBA ROOT - COLCHICUM AUTUMNALE BULB - IPECAC - LYCOPODIUM CLAVATUM SPORE - STRYCHNOS IGNATII SEED - STRYCHNOS NUX-VOMICA SE');
insert into medical_card (client_status, med_status, registry_dt, comment) values ('F', 'W', '2022-04-25', 'Aluminum Chlorohydrate');
insert into medical_card (client_status, med_status, registry_dt, comment) values ('F', 'D', '2022-08-10', 'Menthol and Benzocaine');
insert into medical_card (client_status, med_status, registry_dt, comment) values ('P', 'D', '2022-01-20', 'Doxepin Hydrochloride');

-- contact
insert into contact (phone_number, email, profile_link) values ('+86 (396) 933-1982', 'amorin0@phpbb.com', 'http://mapy.cz/justo/in/hac.aspx?elit=id&proin=lobortis&risus=convallis&praesent=tortor&lectus=risus&vestibulum=dapibus&quam=augue&sapien=vel&varius=accumsan&ut=tellus&blandit=nisi&non=eu&interdum=orci&in=mauris&ante=lacinia&vestibulum=sapien&ante=quis&ipsum=libero&primis=nullam&in=sit&faucibus=amet&orci=turpis&luctus=elementum&et=ligula&ultrices=vehicula&posuere=consequat&cubilia=morbi&curae=a&duis=ipsum&faucibus=integer&accumsan=a&odio=nibh&curabitur=in&convallis=quis&duis=justo&consequat=maecenas&dui=rhoncus&nec=aliquam&nisi=lacus&volutpat=morbi&eleifend=quis&donec=tortor&ut=id&dolor=nulla&morbi=ultrices&vel=aliquet&lectus=maecenas&in=leo&quam=odio&fringilla=condimentum&rhoncus=id&mauris=luctus&enim=nec&leo=molestie&rhoncus=sed&sed=justo&vestibulum=pellentesque&sit=viverra&amet=pede&cursus=ac&id=diam&turpis=cras&integer=pellentesque&aliquet=volutpat');
insert into contact (phone_number, email, profile_link) values ('+62 (812) 147-4266', 'sjeannard1@buzzfeed.com', 'https://amazon.com/quisque/arcu/libero/rutrum/ac/lobortis/vel.xml?gravida=morbi&nisi=ut&at=odio&nibh=cras&in=mi&hac=pede&habitasse=malesuada&platea=in&dictumst=imperdiet&aliquam=et&augue=commodo&quam=vulputate&sollicitudin=justo&vitae=in&consectetuer=blandit&eget=ultrices&rutrum=enim&at=lorem&lorem=ipsum&integer=dolor&tincidunt=sit&ante=amet&vel=consectetuer&ipsum=adipiscing&praesent=elit&blandit=proin&lacinia=interdum&erat=mauris&vestibulum=non&sed=ligula&magna=pellentesque&at=ultrices&nunc=phasellus&commodo=id&placerat=sapien&praesent=in&blandit=sapien&nam=iaculis&nulla=congue&integer=vivamus&pede=metus&justo=arcu&lacinia=adipiscing&eget=molestie&tincidunt=hendrerit&eget=at&tempus=vulputate&vel=vitae&pede=nisl&morbi=aenean&porttitor=lectus&lorem=pellentesque&id=eget&ligula=nunc&suspendisse=donec&ornare=quis&consequat=orci&lectus=eget&in=orci&est=vehicula&risus=condimentum&auctor=curabitur&sed=in&tristique=libero&in=ut&tempus=massa&sit=volutpat&amet=convallis');
insert into contact (phone_number, email, profile_link) values ('+48 (327) 979-2811', 'rleitche2@usnews.com', 'https://sakura.ne.jp/fermentum/justo/nec/condimentum/neque.aspx?hendrerit=eu&at=interdum&vulputate=eu&vitae=tincidunt&nisl=in&aenean=leo&lectus=maecenas&pellentesque=pulvinar&eget=lobortis&nunc=est&donec=phasellus&quis=sit&orci=amet&eget=erat&orci=nulla&vehicula=tempus&condimentum=vivamus&curabitur=in&in=felis&libero=eu&ut=sapien&massa=cursus&volutpat=vestibulum&convallis=proin&morbi=eu&odio=mi&odio=nulla&elementum=ac&eu=enim&interdum=in&eu=tempor&tincidunt=turpis&in=nec&leo=euismod&maecenas=scelerisque&pulvinar=quam&lobortis=turpis&est=adipiscing&phasellus=lorem&sit=vitae');
insert into contact (phone_number, email, profile_link) values ('+55 (823) 910-9098', 'mbrikner3@naver.com', 'https://sakura.ne.jp/vestibulum/sagittis/sapien/cum/sociis/natoque/penatibus.png?velit=tempor&donec=convallis&diam=nulla&neque=neque&vestibulum=libero&eget=convallis&vulputate=eget&ut=eleifend&ultrices=luctus&vel=ultricies&augue=eu');
insert into contact (phone_number, email, profile_link) values ('+373 (783) 171-7593', 'fwooldridge4@nsw.gov.au', 'http://ted.com/arcu/sed/augue/aliquam.json?purus=ligula&aliquet=suspendisse&at=ornare&feugiat=consequat&non=lectus&pretium=in&quis=est&lectus=risus&suspendisse=auctor&potenti=sed&in=tristique&eleifend=in&quam=tempus&a=sit&odio=amet&in=sem&hac=fusce&habitasse=consequat&platea=nulla&dictumst=nisl&maecenas=nunc&ut=nisl&massa=duis&quis=bibendum&augue=felis&luctus=sed&tincidunt=interdum&nulla=venenatis&mollis=turpis&molestie=enim&lorem=blandit&quisque=mi&ut=in&erat=porttitor&curabitur=pede&gravida=justo&nisi=eu&at=massa&nibh=donec&in=dapibus&hac=duis&habitasse=at&platea=velit&dictumst=eu&aliquam=est&augue=congue&quam=elementum&sollicitudin=in&vitae=hac&consectetuer=habitasse');
insert into contact (phone_number, email, profile_link) values ('+420 (301) 761-8413', 'coduilleain5@berkeley.edu', 'https://unicef.org/nisi/at/nibh/in/hac/habitasse/platea.html?phasellus=mattis');
insert into contact (phone_number, email, profile_link) values ('+98 (863) 240-0209', 'ataber6@weebly.com', 'http://blogspot.com/erat/fermentum/justo/nec/condimentum/neque.json?morbi=sed&a=sagittis&ipsum=nam&integer=congue&a=risus&nibh=semper&in=porta&quis=volutpat&justo=quam&maecenas=pede&rhoncus=lobortis&aliquam=ligula&lacus=sit&morbi=amet&quis=eleifend&tortor=pede&id=libero&nulla=quis&ultrices=orci&aliquet=nullam&maecenas=molestie&leo=nibh&odio=in&condimentum=lectus&id=pellentesque&luctus=at&nec=nulla&molestie=suspendisse&sed=potenti&justo=cras&pellentesque=in&viverra=purus&pede=eu');
insert into contact (phone_number, email, profile_link) values ('+55 (105) 308-7337', 'kstrugnell7@pcworld.com', 'http://tumblr.com/tristique/in/tempus/sit/amet/sem.html?nec=consequat&condimentum=in&neque=consequat&sapien=ut&placerat=nulla&ante=sed&nulla=accumsan&justo=felis&aliquam=ut&quis=at&turpis=dolor&eget=quis&elit=odio&sodales=consequat&scelerisque=varius&mauris=integer&sit=ac&amet=leo&eros=pellentesque&suspendisse=ultrices&accumsan=mattis&tortor=odio&quis=donec&turpis=vitae&sed=nisi&ante=nam&vivamus=ultrices&tortor=libero&duis=non&mattis=mattis');
insert into contact (phone_number, email, profile_link) values ('+86 (732) 976-9091', 'lkaplan8@symantec.com', 'http://about.me/donec/semper/sapien/a/libero/nam/dui.js?elementum=rhoncus&ligula=mauris&vehicula=enim&consequat=leo&morbi=rhoncus&a=sed&ipsum=vestibulum&integer=sit&a=amet&nibh=cursus&in=id&quis=turpis&justo=integer&maecenas=aliquet&rhoncus=massa&aliquam=id&lacus=lobortis&morbi=convallis&quis=tortor&tortor=risus&id=dapibus&nulla=augue&ultrices=vel&aliquet=accumsan&maecenas=tellus&leo=nisi&odio=eu&condimentum=orci&id=mauris&luctus=lacinia&nec=sapien');
insert into contact (phone_number, email, profile_link) values ('+31 (790) 106-9435', 'vgothrup9@earthlink.net', 'https://google.es/augue/vestibulum/rutrum/rutrum/neque/aenean/auctor.jpg?nulla=sollicitudin&suspendisse=mi&potenti=sit&cras=amet&in=lobortis&purus=sapien&eu=sapien&magna=non&vulputate=mi&luctus=integer&cum=ac&sociis=neque&natoque=duis&penatibus=bibendum&et=morbi&magnis=non&dis=quam&parturient=nec&montes=dui&nascetur=luctus&ridiculus=rutrum&mus=nulla&vivamus=tellus&vestibulum=in&sagittis=sagittis&sapien=dui&cum=vel&sociis=nisl&natoque=duis&penatibus=ac&et=nibh&magnis=fusce&dis=lacus&parturient=purus&montes=aliquet&nascetur=at&ridiculus=feugiat&mus=non&etiam=pretium&vel=quis&augue=lectus&vestibulum=suspendisse&rutrum=potenti&rutrum=in&neque=eleifend&aenean=quam&auctor=a&gravida=odio&sem=in&praesent=hac&id=habitasse&massa=platea&id=dictumst&nisl=maecenas&venenatis=ut&lacinia=massa&aenean=quis&sit=augue&amet=luctus&justo=tincidunt&morbi=nulla&ut=mollis&odio=molestie&cras=lorem&mi=quisque&pede=ut&malesuada=erat&in=curabitur&imperdiet=gravida&et=nisi&commodo=at&vulputate=nibh&justo=in&in=hac&blandit=habitasse&ultrices=platea&enim=dictumst&lorem=aliquam&ipsum=augue&dolor=quam');
insert into contact (phone_number, email, profile_link) values ('+86 (869) 486-1968', 'tmcgourtya@stanford.edu', 'https://twitter.com/non/velit/donec/diam.xml?aliquam=bibendum&sit=morbi&amet=non&diam=quam&in=nec&magna=dui&bibendum=luctus&imperdiet=rutrum&nullam=nulla&orci=tellus&pede=in&venenatis=sagittis&non=dui&sodales=vel&sed=nisl&tincidunt=duis&eu=ac&felis=nibh&fusce=fusce&posuere=lacus&felis=purus&sed=aliquet&lacus=at&morbi=feugiat&sem=non&mauris=pretium&laoreet=quis&ut=lectus&rhoncus=suspendisse&aliquet=potenti&pulvinar=in&sed=eleifend&nisl=quam&nunc=a&rhoncus=odio&dui=in&vel=hac&sem=habitasse&sed=platea&sagittis=dictumst&nam=maecenas&congue=ut&risus=massa&semper=quis&porta=augue');
insert into contact (phone_number, email, profile_link) values ('+86 (188) 307-4923', 'hstrangmanb@army.mil', 'http://storify.com/tristique/fusce/congue/diam.png?primis=eros&in=suspendisse&faucibus=accumsan&orci=tortor&luctus=quis&et=turpis&ultrices=sed&posuere=ante&cubilia=vivamus&curae=tortor&donec=duis&pharetra=mattis&magna=egestas&vestibulum=metus&aliquet=aenean&ultrices=fermentum&erat=donec&tortor=ut&sollicitudin=mauris&mi=eget&sit=massa&amet=tempor&lobortis=convallis&sapien=nulla&sapien=neque&non=libero&mi=convallis&integer=eget&ac=eleifend&neque=luctus&duis=ultricies&bibendum=eu&morbi=nibh&non=quisque&quam=id&nec=justo&dui=sit&luctus=amet&rutrum=sapien&nulla=dignissim&tellus=vestibulum&in=vestibulum&sagittis=ante&dui=ipsum&vel=primis&nisl=in&duis=faucibus&ac=orci&nibh=luctus&fusce=et');
insert into contact (phone_number, email, profile_link) values ('+358 (263) 288-5712', 'dcrockc@mlb.com', 'http://flavors.me/est/risus/auctor/sed/tristique.json?sapien=est&in=congue&sapien=elementum&iaculis=in&congue=hac&vivamus=habitasse&metus=platea&arcu=dictumst&adipiscing=morbi&molestie=vestibulum&hendrerit=velit&at=id&vulputate=pretium&vitae=iaculis&nisl=diam&aenean=erat&lectus=fermentum&pellentesque=justo&eget=nec&nunc=condimentum&donec=neque&quis=sapien&orci=placerat&eget=ante&orci=nulla&vehicula=justo&condimentum=aliquam&curabitur=quis&in=turpis&libero=eget&ut=elit&massa=sodales&volutpat=scelerisque&convallis=mauris&morbi=sit&odio=amet&odio=eros&elementum=suspendisse&eu=accumsan&interdum=tortor&eu=quis&tincidunt=turpis&in=sed&leo=ante&maecenas=vivamus&pulvinar=tortor&lobortis=duis&est=mattis&phasellus=egestas&sit=metus&amet=aenean&erat=fermentum');
insert into contact (phone_number, email, profile_link) values ('+86 (117) 276-4188', 'kdulsond@mac.com', 'https://csmonitor.com/morbi.jsp?urna=magnis&pretium=dis&nisl=parturient&ut=montes&volutpat=nascetur&sapien=ridiculus&arcu=mus&sed=vivamus&augue=vestibulum&aliquam=sagittis&erat=sapien&volutpat=cum&in=sociis&congue=natoque&etiam=penatibus&justo=et&etiam=magnis&pretium=dis&iaculis=parturient&justo=montes&in=nascetur&hac=ridiculus&habitasse=mus&platea=etiam&dictumst=vel&etiam=augue&faucibus=vestibulum&cursus=rutrum&urna=rutrum&ut=neque&tellus=aenean&nulla=auctor&ut=gravida&erat=sem');
insert into contact (phone_number, email, profile_link) values ('+86 (308) 799-2276', 'deliese@angelfire.com', 'http://utexas.edu/donec.aspx?sit=sed&amet=interdum&cursus=venenatis&id=turpis&turpis=enim&integer=blandit&aliquet=mi&massa=in&id=porttitor&lobortis=pede&convallis=justo&tortor=eu&risus=massa&dapibus=donec&augue=dapibus&vel=duis&accumsan=at&tellus=velit&nisi=eu&eu=est&orci=congue&mauris=elementum&lacinia=in&sapien=hac&quis=habitasse&libero=platea&nullam=dictumst&sit=morbi&amet=vestibulum&turpis=velit&elementum=id&ligula=pretium&vehicula=iaculis&consequat=diam&morbi=erat&a=fermentum&ipsum=justo&integer=nec&a=condimentum&nibh=neque&in=sapien&quis=placerat&justo=ante&maecenas=nulla&rhoncus=justo&aliquam=aliquam&lacus=quis&morbi=turpis&quis=eget&tortor=elit&id=sodales&nulla=scelerisque&ultrices=mauris&aliquet=sit&maecenas=amet&leo=eros&odio=suspendisse&condimentum=accumsan&id=tortor&luctus=quis&nec=turpis&molestie=sed&sed=ante&justo=vivamus&pellentesque=tortor&viverra=duis&pede=mattis&ac=egestas&diam=metus&cras=aenean&pellentesque=fermentum&volutpat=donec&dui=ut&maecenas=mauris&tristique=eget&est=massa&et=tempor&tempus=convallis&semper=nulla&est=neque&quam=libero');
insert into contact (phone_number, email, profile_link) values ('+46 (331) 512-0858', 'mchippinf@domainmarket.com', 'http://goo.ne.jp/at/nunc.json?adipiscing=ligula&lorem=pellentesque&vitae=ultrices&mattis=phasellus&nibh=id&ligula=sapien&nec=in&sem=sapien&duis=iaculis&aliquam=congue&convallis=vivamus&nunc=metus&proin=arcu&at=adipiscing&turpis=molestie&a=hendrerit&pede=at&posuere=vulputate&nonummy=vitae&integer=nisl&non=aenean&velit=lectus&donec=pellentesque&diam=eget&neque=nunc&vestibulum=donec&eget=quis&vulputate=orci&ut=eget&ultrices=orci&vel=vehicula&augue=condimentum&vestibulum=curabitur&ante=in&ipsum=libero&primis=ut&in=massa&faucibus=volutpat&orci=convallis&luctus=morbi&et=odio&ultrices=odio&posuere=elementum&cubilia=eu&curae=interdum&donec=eu&pharetra=tincidunt&magna=in&vestibulum=leo&aliquet=maecenas&ultrices=pulvinar&erat=lobortis&tortor=est&sollicitudin=phasellus&mi=sit&sit=amet&amet=erat&lobortis=nulla&sapien=tempus&sapien=vivamus&non=in&mi=felis&integer=eu&ac=sapien&neque=cursus&duis=vestibulum&bibendum=proin&morbi=eu&non=mi&quam=nulla&nec=ac&dui=enim&luctus=in&rutrum=tempor&nulla=turpis&tellus=nec&in=euismod&sagittis=scelerisque&dui=quam&vel=turpis');
insert into contact (phone_number, email, profile_link) values ('+506 (132) 634-4428', 'egilffillandg@people.com.cn', 'https://unblog.fr/montes/nascetur/ridiculus/mus/etiam/vel/augue.json?nulla=felis&tempus=sed&vivamus=lacus&in=morbi&felis=sem&eu=mauris&sapien=laoreet&cursus=ut&vestibulum=rhoncus&proin=aliquet&eu=pulvinar&mi=sed&nulla=nisl&ac=nunc&enim=rhoncus&in=dui&tempor=vel&turpis=sem&nec=sed&euismod=sagittis&scelerisque=nam&quam=congue&turpis=risus&adipiscing=semper&lorem=porta&vitae=volutpat&mattis=quam&nibh=pede&ligula=lobortis&nec=ligula&sem=sit&duis=amet&aliquam=eleifend&convallis=pede&nunc=libero');
insert into contact (phone_number, email, profile_link) values ('+1 (901) 614-9180', 'amattussevichh@facebook.com', 'http://harvard.edu/nulla/pede/ullamcorper/augue/a/suscipit.xml?ligula=vitae&pellentesque=consectetuer&ultrices=eget&phasellus=rutrum&id=at&sapien=lorem&in=integer&sapien=tincidunt&iaculis=ante&congue=vel&vivamus=ipsum&metus=praesent&arcu=blandit&adipiscing=lacinia&molestie=erat&hendrerit=vestibulum&at=sed&vulputate=magna&vitae=at&nisl=nunc&aenean=commodo&lectus=placerat&pellentesque=praesent&eget=blandit&nunc=nam&donec=nulla&quis=integer&orci=pede&eget=justo&orci=lacinia&vehicula=eget&condimentum=tincidunt&curabitur=eget&in=tempus&libero=vel&ut=pede&massa=morbi&volutpat=porttitor&convallis=lorem&morbi=id&odio=ligula&odio=suspendisse&elementum=ornare&eu=consequat&interdum=lectus&eu=in&tincidunt=est');
insert into contact (phone_number, email, profile_link) values ('+372 (627) 589-7140', 'mguillondi@ucoz.ru', 'https://cafepress.com/nisl/venenatis/lacinia/aenean/sit/amet.jsp?dui=duis&luctus=bibendum&rutrum=morbi&nulla=non&tellus=quam&in=nec&sagittis=dui&dui=luctus&vel=rutrum&nisl=nulla&duis=tellus&ac=in&nibh=sagittis&fusce=dui&lacus=vel&purus=nisl&aliquet=duis&at=ac&feugiat=nibh&non=fusce&pretium=lacus&quis=purus&lectus=aliquet&suspendisse=at&potenti=feugiat&in=non&eleifend=pretium&quam=quis&a=lectus&odio=suspendisse&in=potenti&hac=in&habitasse=eleifend&platea=quam&dictumst=a&maecenas=odio&ut=in&massa=hac&quis=habitasse&augue=platea&luctus=dictumst&tincidunt=maecenas&nulla=ut&mollis=massa&molestie=quis&lorem=augue&quisque=luctus&ut=tincidunt&erat=nulla&curabitur=mollis&gravida=molestie&nisi=lorem&at=quisque&nibh=ut&in=erat&hac=curabitur&habitasse=gravida&platea=nisi&dictumst=at&aliquam=nibh&augue=in&quam=hac&sollicitudin=habitasse&vitae=platea&consectetuer=dictumst&eget=aliquam&rutrum=augue&at=quam&lorem=sollicitudin&integer=vitae&tincidunt=consectetuer&ante=eget&vel=rutrum&ipsum=at&praesent=lorem&blandit=integer&lacinia=tincidunt');
insert into contact (phone_number, email, profile_link) values ('+221 (421) 400-1526', 'wmurkittj@simplemachines.org', 'http://mayoclinic.com/tortor.jsp?nisi=ac&vulputate=consequat&nonummy=metus&maecenas=sapien&tincidunt=ut&lacus=nunc&at=vestibulum&velit=ante&vivamus=ipsum&vel=primis&nulla=in&eget=faucibus&eros=orci&elementum=luctus&pellentesque=et&quisque=ultrices&porta=posuere&volutpat=cubilia&erat=curae&quisque=mauris&erat=viverra&eros=diam&viverra=vitae&eget=quam&congue=suspendisse&eget=potenti&semper=nullam&rutrum=porttitor&nulla=lacus&nunc=at&purus=turpis&phasellus=donec&in=posuere&felis=metus');
insert into contact (phone_number, email, profile_link) values ('+55 (442) 852-1452', 'tfurneyk@posterous.com', 'http://usa.gov/phasellus/id/sapien/in/sapien.json?duis=ac&faucibus=nibh&accumsan=fusce');

--illness
insert into illness (medical_card_id, type_id, heaviness, appearance_dttm, recovery_dt) values (1, 19, 'C', '2021-11-12 09:29:23', '2022-06-24');
insert into illness (medical_card_id, type_id, heaviness, appearance_dttm, recovery_dt) values (2, 24, 'C', '2022-05-30 08:57:03', '2021-12-20');
insert into illness (medical_card_id, type_id, heaviness, appearance_dttm, recovery_dt) values (3, 12, 'A', '2022-04-28 16:30:08', '2022-01-12');
insert into illness (medical_card_id, type_id, heaviness, appearance_dttm, recovery_dt) values (4, 100, 'C', '2022-06-21 06:08:25', '2022-08-14');
insert into illness (medical_card_id, type_id, heaviness, appearance_dttm, recovery_dt) values (5, 88, 'A', '2022-08-27 06:25:52', '2022-06-12');
insert into illness (medical_card_id, type_id, heaviness, appearance_dttm, recovery_dt) values (6, 17, 'C', '2022-06-07 02:54:38', '2021-11-04');
insert into illness (medical_card_id, type_id, heaviness, appearance_dttm, recovery_dt) values (7, 94, 'C', '2022-07-31 04:18:11', '2022-06-06');
insert into illness (medical_card_id, type_id, heaviness, appearance_dttm, recovery_dt) values (8, 11, 'C', '2022-03-22 11:08:38', '2021-11-12');
insert into illness (medical_card_id, type_id, heaviness, appearance_dttm, recovery_dt) values (9, 69, 'C', '2022-07-10 18:20:56', '2022-01-24');
insert into illness (medical_card_id, type_id, heaviness, appearance_dttm, recovery_dt) values (10, 9, 'A', '2022-05-08 14:30:55', '2022-10-10');
insert into illness (medical_card_id, type_id, heaviness, appearance_dttm, recovery_dt) values (11, 20, 'C', '2022-08-12 08:08:04', '2022-10-11');
insert into illness (medical_card_id, type_id, heaviness, appearance_dttm, recovery_dt) values (12, 98, 'B', '2022-08-02 06:21:21', '2021-11-19');
insert into illness (medical_card_id, type_id, heaviness, appearance_dttm, recovery_dt) values (13, 54, 'A', '2022-10-03 07:45:46', '2021-12-21');
insert into illness (medical_card_id, type_id, heaviness, appearance_dttm, recovery_dt) values (14, 95, 'A', '2022-07-18 00:29:37', '2021-12-24');
insert into illness (medical_card_id, type_id, heaviness, appearance_dttm, recovery_dt) values (15, 87, 'C', '2022-02-17 10:39:36', '2022-01-19');
insert into illness (medical_card_id, type_id, heaviness, appearance_dttm, recovery_dt) values (16, 56, 'B', '2022-05-13 21:58:49', '2022-01-28');
insert into illness (medical_card_id, type_id, heaviness, appearance_dttm, recovery_dt) values (17, 53, 'C', '2022-03-05 22:25:14', '2022-02-28');
insert into illness (medical_card_id, type_id, heaviness, appearance_dttm, recovery_dt) values (18, 73, 'C', '2022-09-30 09:42:58', '2021-10-27');
insert into illness (medical_card_id, type_id, heaviness, appearance_dttm, recovery_dt) values (19, 70, 'B', '2022-04-04 10:25:22', '2022-06-26');
insert into illness (medical_card_id, type_id, heaviness, appearance_dttm, recovery_dt) values (20, 25, 'A', '2022-07-28 02:42:25', '2022-10-13');
insert into illness (medical_card_id, type_id, heaviness, appearance_dttm, recovery_dt) values (21, 4, 'B', '2022-04-21 15:16:57', '2022-01-22');

--person_data
insert into person_data (last_name, first_name, birth_dt, age, sex, contact_id, medical_card_id, parent_id) values ('Gibby', 'Joela', '2021-12-31', 32, 'F', 1, 1, null);
insert into person_data (last_name, first_name, birth_dt, age, sex, contact_id, medical_card_id, parent_id) values ('Roome', 'Bianca', '2022-08-17', 75, 'F', 2, 2, null);
insert into person_data (last_name, first_name, birth_dt, age, sex, contact_id, medical_card_id, parent_id) values ('Blasetti', 'Orlando', '2022-04-13', 16, 'M', 3, 3, null);
insert into person_data (last_name, first_name, birth_dt, age, sex, contact_id, medical_card_id, parent_id) values ('Talks', 'Conchita', '2022-04-28', 97, 'F', 4, 4, null);
insert into person_data (last_name, first_name, birth_dt, age, sex, contact_id, medical_card_id, parent_id) values ('Wiggins', 'Jasmine', '2022-05-12', 13, 'F', 5, 5, null);
insert into person_data (last_name, first_name, birth_dt, age, sex, contact_id, medical_card_id, parent_id) values ('Tyreman', 'Hildegaard', '2022-07-09', 46, 'F', 6, 6, null);
insert into person_data (last_name, first_name, birth_dt, age, sex, contact_id, medical_card_id, parent_id) values ('Crumly', 'Tedra', '2021-12-03', 35, 'F', 7, 7, null);
insert into person_data (last_name, first_name, birth_dt, age, sex, contact_id, medical_card_id, parent_id) values ('Cuncarr', 'Serene', '2022-04-16', 52, 'F', 8, 8, 6);
insert into person_data (last_name, first_name, birth_dt, age, sex, contact_id, medical_card_id, parent_id) values ('Hailwood', 'Tim', '2022-04-06', 32, 'M', 9, 9, null);
insert into person_data (last_name, first_name, birth_dt, age, sex, contact_id, medical_card_id, parent_id) values ('Sturror', 'Amity', '2022-01-11', 55, 'F', 10, 10, 4);
insert into person_data (last_name, first_name, birth_dt, age, sex, contact_id, medical_card_id, parent_id) values ('Batson', 'Burr', '2022-03-07', 45, 'M', 11, 11, null);
insert into person_data (last_name, first_name, birth_dt, age, sex, contact_id, medical_card_id, parent_id) values ('Dumsday', 'Sutherland', '2022-04-16', 28, 'M', 12, 12, null);
insert into person_data (last_name, first_name, birth_dt, age, sex, contact_id, medical_card_id, parent_id) values ('Di Giacomo', 'Angie', '2021-11-20', 94, 'M', 13, 13, 3);
insert into person_data (last_name, first_name, birth_dt, age, sex, contact_id, medical_card_id, parent_id) values ('Ducker', 'Ricard', '2021-12-03', 84, 'F', 14, 14, null);
insert into person_data (last_name, first_name, birth_dt, age, sex, contact_id, medical_card_id, parent_id) values ('Ivins', 'La verne', '2022-02-24', 67, 'F', 15, 15, 2);
insert into person_data (last_name, first_name, birth_dt, age, sex, contact_id, medical_card_id, parent_id) values ('Ondrousek', 'Teodor', '2022-08-18', 41, 'M', 16, 16, null);
insert into person_data (last_name, first_name, birth_dt, age, sex, contact_id, medical_card_id, parent_id) values ('Wathan', 'Manolo', '2022-10-02', 1, 'M', 17, 17, null);
insert into person_data (last_name, first_name, birth_dt, age, sex, contact_id, medical_card_id, parent_id) values ('Kubin', 'Hagan', '2022-07-04', 11, 'M', 18, 18, 10);
insert into person_data (last_name, first_name, birth_dt, age, sex, contact_id, medical_card_id, parent_id) values ('Charnley', 'Baxter', '2022-01-25', 29, 'M', 19, 19, null);
insert into person_data (last_name, first_name, birth_dt, age, sex, contact_id, medical_card_id, parent_id) values ('Hufton', 'Leola', '2022-02-15', 5, 'F', 20, 20, null);
insert into person_data (last_name, first_name, birth_dt, age, sex, contact_id, medical_card_id, parent_id) values ('Busher', 'Caria', '2021-11-24', 59, 'F', 21, 21, 1);

--address
insert into address (contact_id, country_id, city, index, street, building, flat) values (1, 52, 'Chao', 42, 'Mallory', 'Junction', '678');
insert into address (contact_id, country_id, city, index, street, building, flat) values (2, 108, 'Jos', 14, 'Northwestern', 'Road', '485');
insert into address (contact_id, country_id, city, index, street, building, flat) values (3, 136, 'Yanguan', 100, 'Loeprich', 'Hill', '62766');
insert into address (contact_id, country_id, city, index, street, building, flat) values (4, 34, 'El Corozo', 74, 'Dorton', 'Trail', '96');
insert into address (contact_id, country_id, city, index, street, building, flat) values (5, 53, 'Xingguo', 96, 'Browning', 'Junction', '0707');
insert into address (contact_id, country_id, city, index, street, building, flat) values (6, 39, 'Cachoeirinha', 79, 'Sundown', 'Circle', '167');
insert into address (contact_id, country_id, city, index, street, building, flat) values (7, 110, 'Horodnya', 83, 'Manitowish', 'Avenue', '07');
insert into address (contact_id, country_id, city, index, street, building, flat) values (8, 90, 'Meneou', 74, 'Ilene', 'Drive', '86');
insert into address (contact_id, country_id, city, index, street, building, flat) values (9, 146, 'Sobhādero', 31, 'Fulton', 'Street', '992');
insert into address (contact_id, country_id, city, index, street, building, flat) values (10, 33, 'Tópaga', 11, 'Texas', 'Parkway', '8');
insert into address (contact_id, country_id, city, index, street, building, flat) values (11, 117, 'Xiakouyi', 93, 'Pond', 'Crossing', '3729');
insert into address (contact_id, country_id, city, index, street, building, flat) values (12, 168, 'Marovoay', 91, 'Mcguire', 'Alley', '6168');
insert into address (contact_id, country_id, city, index, street, building, flat) values (13, 109, 'Rochester', 45, 'Talisman', 'Circle', '37');
insert into address (contact_id, country_id, city, index, street, building, flat) values (14, 53, 'Farnham', 67, 'Hallows', 'Road', '7997');
insert into address (contact_id, country_id, city, index, street, building, flat) values (15, 141, 'Poiares', 29, 'Kipling', 'Plaza', '25');
insert into address (contact_id, country_id, city, index, street, building, flat) values (16, 2, 'Bačka Topola', 22, 'Truax', 'Court', '8');
insert into address (contact_id, country_id, city, index, street, building, flat) values (17, 50, 'Zudun', 98, 'Stang', 'Terrace', '19');
insert into address (contact_id, country_id, city, index, street, building, flat) values (18, 68, 'Almodôvar', 74, 'Warner', 'Place', '4');
insert into address (contact_id, country_id, city, index, street, building, flat) values (19, 175, 'Kutamandarakan', 48, 'Laurel', 'Court', '3734');
insert into address (contact_id, country_id, city, index, street, building, flat) values (20, 79, 'Xiamao', 62, 'Fisk', 'Center', '26826');
insert into address (contact_id, country_id, city, index, street, building, flat) values (21, 80, 'Huxi', 77, 'Farragut', 'Point', '9');